<?xml version="1.0" encoding="UTF-8"?>
<!DOCTYPE struts-config PUBLIC
"-//Apache Software Foundation//DTD Struts Configuration 1.3//EN"
"http://struts.apache.org/dtds/struts-config_1_3.dtd">

<struts-config>
	<form-beans>
		<form-bean name="loginForm" type="com.wipro.webApp.form.ItemLookupForm" />
		<form-bean name="productForm" type="com.wipro.webApp.form.ProductForm" />
	</form-beans>
	<action-mappings>
		<action name="loginForm" path="/login"
			type="com.wipro.webApp.action.ItemLookupAction" scope="request"
			input="/login.jsp">
			<forward name="failure" path="/login.jsp" redirect="true" />
			<forward name="success" path="/success.jsp" redirect="true" />
		</action>
		
		
		
		<action name="productForm" path="/product"
			type="com.wipro.webApp.action.ProductAction" scope="request"
			input="/product.jsp">
			<forward name="failure" path="/product.jsp" redirect="true" />
			<forward name="success" path="/success.jsp" redirect="true" />
		</action>
		
		
	</action-mappings>
	 <plug-in className="com.wipro.common.plugin.HibernatePlugin">
      	<set-property property="path" value="/hibernate.cfg.xml"/>
    </plug-in>
 
 <!-- <message-resources
		parameter="com.wipro.entity.properties.Customer" /> -->
</struts-config>